2024-08-10T00:00:00.000+09:00,"<b>올림픽</b> 게임은 국제<b>올림픽</b>위원회의 주관하에 동·하계 각각 4년에 한 번 개최되는 전 세계 최대 규모의 종합 스포츠 축제이며, 세계에서 가장 권위 있는 종합 스포츠 대회이다. 특히 하계<b>올림픽</b>은 단순히 스포츠...",<b>올림픽</b> - 나무위키,https://namu.wiki/w/%EC%98%AC%EB%A6%BC%ED%94%BD
2024-08-11T00:00:00.000+09:00,<b>올림픽</b>의 하계 종목 중 배구 종목에 관해 정리한 문서. 현존하는 배구 대회 가운데 가장 권위있고 인기가 있는 배구 대회이다. 이를 반영하듯 승리시에 FIVB 랭킹 포인트를 가장 많이 주어진다. 평소에 배구를...,<b>올림픽</b> 배구 - 나무위키,https://namu.wiki/w/%EC%98%AC%EB%A6%BC%ED%94%BD%20%EB%B0%B0%EA%B5%AC
2024-08-09T23:26:36.000+09:00,88<b>올림픽</b>부터 파리<b>올림픽</b>까지 우리나라 메달 집계.jpg    88<b>올림픽</b>부터 파리<b>올림픽</b>까지 우리나라 메달 집계.jpg    88<b>올림픽</b>부터 파리<b>올림픽</b>까지 우리나라 메달 집계.jpg    88<b>올림픽</b>부터 파리<b>올림픽</b>까지 우리...,88<b>올림픽</b>부터 파리<b>올림픽</b>까지 우리나라 메달 집계.jpg - 콘텐츠뷰,https://v.daum.net/v/Hd6xLn8tdQ
2024-08-04T09:10:33.000+09:00,"<b>올림픽</b> 자원봉사자에서, 파리 <b>올림픽</b> 금메달 리스트로    리우 <b>올림픽</b> 자원봉사자에서, 파리 <b>올림픽</b> 금메달 리스트로    리우 <b>올림픽</b> 자원봉사자에서, 파리 <b>올림픽</b> 금메달 리스트로    리우 <b>올림픽</b> 자원봉사자...","리우 <b>올림픽</b> 자원봉사자에서, 파리 <b>올림픽</b> 금메달 리스트로 - 콘텐츠뷰",https://v.daum.net/v/x1bYvTwMJN
2024-08-05T16:44:48.000+09:00,"2024 파리 <b>올림픽</b>이 중반전을 지났는데 <b>올림픽</b> 준비 상황에 대한 평가는 그리 높은 점수를 받고 있는 것 같지 않습니다. 개회식은 인상적인 부분도 있었지만 논란의 대상이 되는 장면들이 많았고, 우리나라 입장...",&#34;대한민국을 북한이라 한 이유는?&#34; <b>올림픽</b> 총책임자에게 물었더니 [스프] - 포스트,https://channel.daum.net/post/66b082f08e9fa67c03438800
2024-07-24T09:05:17.000+09:00,- 경기일정∙소식∙메달순위 등 정보 총망라 … PC 배너∙모바일 <b>올림픽</b>탭에서 특집페이지 접속 가능 - 다음카페에 18개 종목 응원 ‘테이블’ 열어 … 활동점수 달성 시 추첨 통해 치킨 교환권 선물 - 26...,“포털 다음∙카카오톡 오픈채팅에서 <b>올림픽</b> 소식부터 응원∙수다까지 즐긴다!” - 카카오,https://www.kakaocorp.com/page/detail/11164
2024-07-25T03:52:00.000+09:00,"탈락한 도시, 취소선 처리+이탤릭체는 최종 후보지에는 올랐으나 도중 기권한 도시입니다. 1904 제3회 <b>올림픽</b>까지는 최종 후보지라는 개념이 없었고, 1928 제9회 <b>올림픽</b>까지는 선정 과정(투표수)이 전해 내려오지...",스압) 역대 하계<b>올림픽</b> 개최지 최종 후보지&amp;선정 과정 - 미스터리/공포 - 에펨코리아,https://www.fmkorea.com/7285209572
2024-08-12T23:06:44.000+09:00,"대통령이 방송 회견에서 대선 출마를 포기하게 된 배경을 설명했습니다. 프랑스 파리에서 진행된 하계 <b>올림픽</b>이 막을 내렸습니다. 진행자) 지구촌 오늘, 첫 소식으로 미국 대선 소식입니다. 조 바이든 대통령의...","바이든 &#34;트럼프에 이기는 것이 가장 중요한 의무&#34;... 파리 <b>올림픽</b>, 화려한 폐막식 속 막 내려",https://www.voakorea.com/a/7739151.html
2024-08-01T15:42:13.000+09:00,불구하고 결국 열렸습니다. 선수들은 유산균을 먹고 경기에 참가했다고 하는데요. 1900년 파리 <b>올림픽</b>에서 센강에서 수영했던 것을 다시 하고 싶은 프랑스 <b>올림픽</b> 조직위 의지가 느껴지는 운영입니다. 그런데...,센강에서 파리<b>올림픽</b> 수영 경기가 열려도 괜찮은 걸까? [스프] - 포스트,https://channel.daum.net/post/66ab2e45b9ecc148a71069e7
2024-08-09T10:12:02.000+09:00,5종 등 역대 최다 기록 경신 도전 김유진이 8일(현지시각) 프랑스 파리 그랑 팔레에서 열린 2024 파리 <b>올림픽</b> 태권도 여자 57kg급 결승 이란 나히드 키야니찬데와의 경기에서 승리하며 금메달을 확정한 뒤...,[파리 <b>올림픽</b>] 韓 역대 <b>올림픽</b> 최다 金 타이…계속될 금빛 사냥,https://www.ppomppu.co.kr/zboard/view.php?id=news_sports&no=275326
